{
  "export_time": "2025-11-10T20:42:59.991100",
  "signatures": [
    {
      "id": 1,
      "name": "Trojan.Banking.Sample1",
      "type": "hash_sha256",
      "content": "a665a45920422f9d417e4867efdc4fb8a04a1f3fff1fa07e998e86f7f7a27ae3",
      "description": "Known banking trojan hash",
      "threat_level": "high",
      "first_seen": "2025-11-10 12:42:59",
      "last_updated": "2025-11-10 12:42:59",
      "source": "demo_source",
      "metadata": null,
      "confidence_score": 0.95,
      "false_positive_rate": 0.0,
      "usage_count": 0,
      "active": 1
    },
    {
      "id": 2,
      "name": "Suspicious PowerShell",
      "type": "yara_rule",
      "content": "\nrule Suspicious_PowerShell {\n    meta:\n        description = \"Detects suspicious PowerShell execution\"\n        author = \"demo_system\"\n        date = \"2024-01-01\"\n    \n    strings:\n        $ps1 = \"powershell.exe\" nocase\n        $encoded = \"EncodedCommand\" nocase\n        $download = \"DownloadString\" nocase\n    \n    condition:\n        $ps1 and any of ($encoded, $download)\n}\n",
      "description": "YARA rule for PowerShell detection",
      "threat_level": "medium",
      "first_seen": "2025-11-10 12:42:59",
      "last_updated": "2025-11-10 12:42:59",
      "source": "demo_rules",
      "metadata": null,
      "confidence_score": 0.85,
      "false_positive_rate": 0.0,
      "usage_count": 0,
      "active": 1
    },
    {
      "id": 3,
      "name": "C2.Server.Malicious",
      "type": "hash_sha256",
      "content": "malicious-domain.com",
      "description": "Command and control server",
      "threat_level": "critical",
      "first_seen": "2025-11-10 12:42:59",
      "last_updated": "2025-11-10 12:42:59",
      "source": "demo_threat_intel",
      "metadata": null,
      "confidence_score": 0.9,
      "false_positive_rate": 0.0,
      "usage_count": 0,
      "active": 1
    }
  ],
  "yara_rules": [
    {
      "id": 1,
      "signature_id": 2,
      "rule_name": "Suspicious PowerShell",
      "meta_section": "description = \"Detects suspicious PowerShell execution\"\n        author = \"demo_system\"\n        date = \"2024-01-01\"",
      "strings_section": "$ps1 = \"powershell.exe\" nocase\n        $encoded = \"EncodedCommand\" nocase\n        $download = \"DownloadString\" nocase",
      "conditions_section": "$ps1 and any of ($encoded, $download)\n}",
      "version": null,
      "author": null,
      "description": null,
      "date_created": "2025-11-10 12:42:59",
      "date_updated": "2025-11-10 12:42:59",
      "test_results": null
    }
  ],
  "statistics": {
    "signatures_by_type": {
      "hash_sha256": 2,
      "yara_rule": 1
    },
    "total_signatures": 3,
    "quarantine_by_status": {
      "quarantined": 1
    },
    "events_last_24h": {
      "quarantine": 1
    }
  }
}