[
  {
    "type": "hash_sha256",
    "value": "a665a45920422f9d417e4867efdc4fb8a04a1f3fff1fa07e998e86f7f7a27ae3",
    "name": "Trojan.Banking.Sample1",
    "description": "Known banking trojan that steals financial credentials",
    "severity": "high",
    "confidence": 0.95,
    "first_seen": "2024-01-15T10:30:00Z",
    "source": "internal_analysis",
    "family": "BankingTrojan",
    "tags": ["banking", "trojan", "stealer"]
  },
  {
    "type": "hash_sha256", 
    "value": "e3b0c44298fc1c149afbf4c8996fb92427ae41e4649b934ca495991b7852b855",
    "name": "Ransomware.Cryptolock",
    "description": "File encrypting ransomware variant",
    "severity": "critical",
    "confidence": 0.98,
    "first_seen": "2024-01-10T08:00:00Z",
    "source": "threat_hunting",
    "family": "CryptoLocker",
    "tags": ["ransomware", "encryption", "crypto"]
  },
  {
    "type": "domain",
    "value": "malicious-c2.com",
    "name": "C2.Server.Botnet",
    "description": "Command and control server for botnet operations",
    "severity": "critical",
    "confidence": 0.92,
    "first_seen": "2024-01-20T14:15:00Z",
    "source": "dns_intelligence",
    "family": "Botnet",
    "tags": ["c2", "botnet", "command_control"]
  },
  {
    "type": "ip",
    "value": "192.168.1.100",
    "name": "RAT.Server.Connection",
    "description": "Remote Access Trojan command server",
    "severity": "high",
    "confidence": 0.88,
    "first_seen": "2024-01-18T09:45:00Z",
    "source": "threat_intel_feed",
    "family": "RAT",
    "tags": ["rat", "remote_access", "backdoor"]
  },
  {
    "type": "hash_md5",
    "value": "5d41402abc4b2a76b9719d911017c592",
    "name": "Adware.PopupGenerator",
    "description": "Adware that generates unwanted popups",
    "severity": "medium",
    "confidence": 0.75,
    "first_seen": "2024-01-12T16:20:00Z",
    "source": "user_report",
    "family": "Adware",
    "tags": ["adware", "popup", "unwanted"]
  },
  {
    "type": "url",
    "value": "http://phishing-site.fake/login.php",
    "name": "Phishing.Page.Credential",
    "description": "Phishing page designed to steal login credentials",
    "severity": "high",
    "confidence": 0.90,
    "first_seen": "2024-01-22T11:00:00Z",
    "source": "phishing_take_down",
    "family": "Phishing",
    "tags": ["phishing", "credential_theft", "fake_login"]
  },
  {
    "type": "hash_sha1",
    "value": "aaf4c61ddcc5e8a2dabede0f3b482cd9aea9434d",
    "name": "PUP.OptionalInstaller",
    "description": "Potentially Unwanted Program installer",
    "severity": "low",
    "confidence": 0.65,
    "first_seen": "2024-01-25T13:30:00Z",
    "source": "software_analysis",
    "family": "PUP",
    "tags": ["pup", "installer", "unwanted"]
  }
]