{
  "export_time": "2025-11-10T20:29:55.150239",
  "total_signatures": 5,
  "signatures": [
    {
      "id": 1,
      "name": "Trojan.Banking.Zeus",
      "type": "hash_sha256",
      "content": "a665a45920422f9d417e4867efdc4fb8a04a1f3fff1fa07e998e86f7f7a27ae3",
      "description": "Known Zeus banking trojan hash",
      "threat_level": "high",
      "first_seen": "2025-11-10 12:29:54",
      "last_updated": "2025-11-10 12:29:54",
      "source": "internal_analysis",
      "confidence_score": 0.95,
      "usage_count": 0,
      "active": 1
    },
    {
      "id": 2,
      "name": "Suspicious PowerShell Detection",
      "type": "yara_rule",
      "content": "\nrule Suspicious_PowerShell {\n    meta:\n        description = \"Detects suspicious PowerShell execution\"\n        author = \"threat_analyst\"\n    \n    strings:\n        $ps1 = \"powershell.exe\" nocase\n        $encoded = \"EncodedCommand\" nocase\n    \n    condition:\n        $ps1 and $encoded\n}\n",
      "description": "YARA rule for malicious PowerShell",
      "threat_level": "medium",
      "first_seen": "2025-11-10 12:29:54",
      "last_updated": "2025-11-10 12:29:54",
      "source": "custom_rules",
      "confidence_score": 0.85,
      "usage_count": 0,
      "active": 1
    },
    {
      "id": 3,
      "name": "Ransomware.CryptoLocker",
      "type": "hash_sha256",
      "content": "e3b0c44298fc1c149afbf4c8996fb92427ae41e4649b934ca495991b7852b855",
      "description": "CryptoLocker ransomware variant",
      "threat_level": "critical",
      "first_seen": "2025-11-10 12:29:54",
      "last_updated": "2025-11-10 12:29:54",
      "source": "threat_intelligence",
      "confidence_score": 0.98,
      "usage_count": 0,
      "active": 1
    },
    {
      "id": 4,
      "name": "C2.Server.Botnet",
      "type": "domain",
      "content": "malicious-c2.com",
      "description": "Botnet command server",
      "threat_level": "high",
      "first_seen": "2025-11-10 12:29:54",
      "last_updated": "2025-11-10 12:29:54",
      "source": "threat_intelligence",
      "confidence_score": 0.92,
      "usage_count": 0,
      "active": 1
    },
    {
      "id": 5,
      "name": "Adware.PopupGenerator",
      "type": "hash_md5",
      "content": "5d41402abc4b2a76b9719d911017c592",
      "description": "Adware generating popups",
      "threat_level": "low",
      "first_seen": "2025-11-10 12:29:54",
      "last_updated": "2025-11-10 12:29:54",
      "source": "threat_intelligence",
      "confidence_score": 0.75,
      "usage_count": 0,
      "active": 1
    }
  ],
  "statistics": {
    "total_signatures": 5,
    "signatures_by_type": {
      "domain": 1,
      "hash_md5": 1,
      "hash_sha256": 2,
      "yara_rule": 1
    },
    "quarantine_by_status": {
      "quarantined": 1
    }
  }
}